{"o3_trop": {"max_p": 7.3850510564845205e-09, "min_p": -7.5924747998538e-09, "mean": -1.1843016273521378e-11, "std": 3.7245166583824107e-10}, "ch4_trop": {"max_p": 2.4779700536999206e-08, "min_p": -2.1460816363123955e-08, "mean": 5.028635733425492e-09, "std": 1.0854297343692886e-08}, "oh_trop": {"max_p": 1.6960871495969308e-14, "min_p": -2.4475595498467226e-14, "mean": 5.707496071780182e-17, "std": 4.60916147219204e-16}, "ho2_trop": {"max_p": 9.296574270391654e-14, "min_p": -1.176702117756846e-13, "mean": 2.0656507581532066e-15, "std": 1.160817045254313e-14}, "no_trop": {"max_p": 4.2783466520593825e-11, "min_p": -4.5070418057788545e-11, "mean": -1.0288886238892783e-14, "std": 3.49679465661259e-13}, "no2_trop": {"max_p": 1.4778359103313199e-10, "min_p": -9.20240619538872e-11, "mean": -3.9844968100876086e-14, "std": 1.5098467890050828e-12}}