{"h2o_strat": {"max_p": 8.378902913706249e-08, "min_p": -5.967847554029817e-08, "mean": 1.6169908355817166e-08, "std": 2.568971065666981e-08}, "ch4": {"max_p": 2.4608979230458827e-08, "min_p": -1.4741507866004314e-08, "mean": 7.898568081465475e-09, "std": 9.400861200253519e-09}, "h2o_trop": {"max_p": 3.63841219858177e-05, "min_p": -5.469542781258874e-06, "mean": 4.655911968626434e-06, "std": 5.20134064429304e-06}, "ho2_strat": {"max_p": 5.621956626777789e-14, "min_p": -5.3110972280819957e-14, "mean": 5.394191758841814e-15, "std": 2.1944126706206023e-14}}