{"o3": {"max_p": 7.3850510564845205e-09, "min_p": -4.715423238070917e-09, "mean": -1.9542702902940215e-12, "std": 3.8228402523016206e-10}, "ch4": {"max_p": 2.4779700536999206e-08, "min_p": -1.54180824921588e-08, "mean": 5.442799616777507e-09, "std": 1.1246795200745583e-08}, "oh": {"max_p": 1.6960871495969308e-14, "min_p": -2.4475595498467226e-14, "mean": 7.418928546705957e-17, "std": 4.693425103543235e-16}, "ho2": {"max_p": 9.296574270391654e-14, "min_p": -4.277287431282321e-14, "mean": 2.793174379097738e-15, "std": 1.1439395493209053e-14}, "no": {"max_p": 4.2783466520593825e-11, "min_p": -4.5070418057788545e-11, "mean": -6.394491204928122e-15, "std": 3.576694007618911e-13}, "no2": {"max_p": 1.4778359103313199e-10, "min_p": -9.20240619538872e-11, "mean": -1.700102120048927e-14, "std": 1.5121273634280634e-12}}