{"ch4_trop": {"max_p": 2.4608979230458827e-08, "min_p": -2.2053964118918604e-08, "mean": 5.030315660329456e-09, "std": 1.0932405452547353e-08}, "oh_trop": {"max_p": 5.786025930836035e-16, "min_p": -2.2089333902181062e-16, "mean": 5.097560476089193e-17, "std": 1.4113618378166755e-16}, "co_trop": {"max_p": 8.490377959307465e-10, "min_p": -1.4216977644201138e-09, "mean": -9.415127991656759e-11, "std": 4.4319153203383694e-10}, "emich4": {"max_p": 9234424726.148254, "min_p": -12939257131.854736, "mean": 634384615.3846154, "std": 3471941675.739684}, "emico": {"max_p": 11516559572.910767, "min_p": -31253491535.9657, "mean": -2966792307.6923075, "std": 7358419464.680949}}