{"h2o_strat": {"max_p": 7.321715703208293e-08, "min_p": -5.957010485403135e-08, "mean": 3.97408387074825e-09, "std": 2.280299858558416e-08}, "ch4_trop": {"max_p": 2.4608979230458827e-08, "min_p": -1.5636864515396473e-08, "mean": 6.232180202710312e-09, "std": 1.0877096105897897e-08}, "h2o_trop": {"max_p": 1.2859478697353072e-05, "min_p": -5.676183612252604e-06, "mean": 1.3598538059473627e-06, "std": 4.24186299562855e-06}, "ho2_trop": {"max_p": 2.4874627302422417e-14, "min_p": -1.8445431624837395e-14, "mean": 2.988537581192453e-15, "std": 7.29063910829856e-15}}