{"ch4": {"max_p": 2.4608979230458827e-08, "min_p": -1.5636864515396473e-08, "mean": 5.444277361676213e-09, "std": 1.1324045472781862e-08}, "oh": {"max_p": 5.785930151269538e-16, "min_p": -2.1870557882768403e-16, "mean": 6.720779611867573e-17, "std": 1.4154773546345558e-16}, "co": {"max_p": 8.490377959307465e-10, "min_p": -1.4206456088557058e-09, "mean": -8.449416372547961e-11, "std": 4.450798714153095e-10}, "emich4": {"max_p": 9234424726.148254, "min_p": -6437303414.473572, "mean": 940817307.6923077, "std": 3470943822.8680553}, "emico": {"max_p": 11516559572.910767, "min_p": -26454405537.778442, "mean": -2711023076.923077, "std": 6895357163.789896}}