{"h2o_strat": {"max_p": 8.378902913706249e-08, "min_p": -5.982456387611762e-08, "mean": 1.2428157287639294e-08, "std": 2.4757404841061158e-08}, "ch4_trop": {"max_p": 2.4608979230458827e-08, "min_p": -2.2053964118918604e-08, "mean": 5.030315660329456e-09, "std": 1.0932405452547353e-08}, "h2o_trop": {"max_p": 3.63841219858177e-05, "min_p": -1.9620016295756552e-05, "mean": 3.6210659131666663e-06, "std": 5.078397208759803e-06}, "ho2_strat": {"max_p": 5.621956626777789e-14, "min_p": -5.3189532881117804e-14, "mean": 2.957148433519998e-15, "std": 2.0996324699757347e-14}, "ta": {"max_p": 0.6847952462396734, "min_p": -0.8704388152168576, "mean": 0.01051463008872502, "std": 0.19510592666903612}}